"FullName","Name","Extension"
"D:\babyStore\drive-download-20260515T140054Z-3-001\100-carolina-herrera-ch-body-lotion-.webp","100-carolina-herrera-ch-body-lotion-.webp",".webp"
"D:\babyStore\drive-download-20260515T140054Z-3-001\51-PCukdksL._SL1080_.jpg","51-PCukdksL._SL1080_.jpg",".jpg"
"D:\babyStore\drive-download-20260515T140054Z-3-001\baby powder.png","baby powder.png",".png"
"D:\babyStore\drive-download-20260515T140054Z-3-001\BABY SOAP 75G.png","BABY SOAP 75G.png",".png"
"D:\babyStore\drive-download-20260515T140054Z-3-001\baby-pants-l-9.webp","baby-pants-l-9.webp",".webp"
"D:\babyStore\drive-download-20260515T140054Z-3-001\Carolina Herrera CH Body Lotion 200L.avif","Carolina Herrera CH Body Lotion 200L.avif",".avif"
"D:\babyStore\drive-download-20260515T140054Z-3-001\CH BADY LOTION 500ML.webp","CH BADY LOTION 500ML.webp",".webp"
"D:\babyStore\drive-download-20260515T140054Z-3-001\CH BUDS.webp","CH BUDS.webp",".webp"
"D:\babyStore\drive-download-20260515T140054Z-3-001\CH GLASS BOTTLE BLUE 2+M 240ML.webp","CH GLASS BOTTLE BLUE 2+M 240ML.webp",".webp"
"D:\babyStore\drive-download-20260515T140054Z-3-001\CH SOAP 125G.webp","CH SOAP 125G.webp",".webp"
"D:\babyStore\drive-download-20260515T140054Z-3-001\CH SOOTHER COMFERT 0-6M BLU 1PC.webp","CH SOOTHER COMFERT 0-6M BLU 1PC.webp",".webp"
"D:\babyStore\drive-download-20260515T140054Z-3-001\CH SOOTHER COMFERT 6-16M BLU 1N.webp","CH SOOTHER COMFERT 6-16M BLU 1N.webp",".webp"
"D:\babyStore\drive-download-20260515T140054Z-3-001\CH SOOTHER COMFORT 0-6M PINK 1N.webp","CH SOOTHER COMFORT 0-6M PINK 1N.webp",".webp"
"D:\babyStore\drive-download-20260515T140054Z-3-001\CH SOOTHER COMFORT 6-16M PINK 1N.webp","CH SOOTHER COMFORT 6-16M PINK 1N.webp",".webp"
"D:\babyStore\drive-download-20260515T140054Z-3-001\CH SPORT CUP 14+ 1PC.webp","CH SPORT CUP 14+ 1PC.webp",".webp"
"D:\babyStore\drive-download-20260515T140054Z-3-001\CH STERINATURAL 3IN1 4299RS 1N.webp","CH STERINATURAL 3IN1 4299RS 1N.webp",".webp"
"D:\babyStore\drive-download-20260515T140054Z-3-001\CH TOOTH BRUSH BLUE 6-36 1PCS BACK.webp","CH TOOTH BRUSH BLUE 6-36 1PCS BACK.webp",".webp"
"D:\babyStore\drive-download-20260515T140054Z-3-001\CH TOOTH BRUSH BLUE 6-36 1PCS FRONT.webp","CH TOOTH BRUSH BLUE 6-36 1PCS FRONT.webp",".webp"
"D:\babyStore\drive-download-20260515T140054Z-3-001\CH TOOTHBRUSH BLUE 3-8 YEARS 1 BACK.webp","CH TOOTHBRUSH BLUE 3-8 YEARS 1 BACK.webp",".webp"
"D:\babyStore\drive-download-20260515T140054Z-3-001\CH TOOTHBRUSH BLUE 3-8 YEARS 1 FRONT.webp","CH TOOTHBRUSH BLUE 3-8 YEARS 1 FRONT.webp",".webp"
"D:\babyStore\drive-download-20260515T140054Z-3-001\CH TOOTHBRUSH ORANGE 3-8 YEAR 1 FRONT.webp","CH TOOTHBRUSH ORANGE 3-8 YEAR 1 FRONT.webp",".webp"
"D:\babyStore\drive-download-20260515T140054Z-3-001\CH TOOTHBRUSH PINK 3-8 YEARS 1 BACK.webp","CH TOOTHBRUSH PINK 3-8 YEARS 1 BACK.webp",".webp"
"D:\babyStore\drive-download-20260515T140054Z-3-001\CH TOOTHBRUSH PINK 3-8 YEARS 1 FRONT.webp","CH TOOTHBRUSH PINK 3-8 YEARS 1 FRONT.webp",".webp"
"D:\babyStore\drive-download-20260515T140054Z-3-001\CH WB BOTTLE PINK PHYSIO 250ML 250ML.webp","CH WB BOTTLE PINK PHYSIO 250ML 250ML.webp",".webp"
"D:\babyStore\drive-download-20260515T140054Z-3-001\CH WB GLASS BOTTLE PINK 0+M 120ML.webp","CH WB GLASS BOTTLE PINK 0+M 120ML.webp",".webp"
"D:\babyStore\drive-download-20260515T140054Z-3-001\CH WELLBEING TEAT 2M+ MED 139 1N.webp","CH WELLBEING TEAT 2M+ MED 139 1N.webp",".webp"
"D:\babyStore\drive-download-20260515T140054Z-3-001\CH WELLBEING TEAT 4M+ FAST139 1N.webp","CH WELLBEING TEAT 4M+ FAST139 1N.webp",".webp"
"D:\babyStore\drive-download-20260515T140054Z-3-001\CH WELLBEING TEAT 6M+FOOD 139 1N.webp","CH WELLBEING TEAT 6M+FOOD 139 1N.webp",".webp"
"D:\babyStore\drive-download-20260515T140054Z-3-001\CHICCO BOTTLE FEEAD EASY BLUE 125ML.avif","CHICCO BOTTLE FEEAD EASY BLUE 125ML.avif",".avif"
"D:\babyStore\drive-download-20260515T140054Z-3-001\CHICCO FEEDEASY SLOW 0+ NIPPLE 1PCS.webp","CHICCO FEEDEASY SLOW 0+ NIPPLE 1PCS.webp",".webp"
"D:\babyStore\drive-download-20260515T140054Z-3-001\CHICCO SOOTHER PHBLU 1N.webp","CHICCO SOOTHER PHBLU 1N.webp",".webp"
"D:\babyStore\drive-download-20260515T140054Z-3-001\CHICCO TRAVEL BOTTLE WARMER 1.webp","CHICCO TRAVEL BOTTLE WARMER 1.webp",".webp"
"D:\babyStore\drive-download-20260515T140054Z-3-001\CHICO FEAD EASY 2+M NIPPLE 1PCS.webp","CHICO FEAD EASY 2+M NIPPLE 1PCS.webp",".webp"
"D:\babyStore\drive-download-20260515T140054Z-3-001\DABUR BABY SHAMPOO 60ML.webp","DABUR BABY SHAMPOO 60ML.webp",".webp"
"D:\babyStore\drive-download-20260515T140054Z-3-001\DABUR BABY SOAP 50G.webp","DABUR BABY SOAP 50G.webp",".webp"
"D:\babyStore\drive-download-20260515T140054Z-3-001\DABUR BABY WASH 60ML.webp","DABUR BABY WASH 60ML.webp",".webp"
"D:\babyStore\drive-download-20260515T140054Z-3-001\DABUR JANMA GHUNTI 30ML 30ML.webp","DABUR JANMA GHUNTI 30ML 30ML.webp",".webp"
"D:\babyStore\drive-download-20260515T140054Z-3-001\DABUR JANMA GHUNTI 60ML 60ML.webp","DABUR JANMA GHUNTI 60ML 60ML.webp",".webp"
"D:\babyStore\drive-download-20260515T140054Z-3-001\DABUR LAL TAIL 200ML 200ML.webp","DABUR LAL TAIL 200ML 200ML.webp",".webp"
"D:\babyStore\drive-download-20260515T140054Z-3-001\HIM BABY POWDER 50GM 50GM.webp","HIM BABY POWDER 50GM 50GM.webp",".webp"
"D:\babyStore\drive-download-20260515T140054Z-3-001\HIM COCOA BUTTER LOTION 200ML 200ML.jpg","HIM COCOA BUTTER LOTION 200ML 200ML.jpg",".jpg"
"D:\babyStore\drive-download-20260515T140054Z-3-001\HIM COLD BALM 10G.webp","HIM COLD BALM 10G.webp",".webp"
"D:\babyStore\drive-download-20260515T140054Z-3-001\HIM CREME CLEANSING BABY BAR 75GM.webp","HIM CREME CLEANSING BABY BAR 75GM.webp",".webp"
"D:\babyStore\drive-download-20260515T140054Z-3-001\HIM CUCUMBER&COCONUT SOAP 75G 75G.webp","HIM CUCUMBER&COCONUT SOAP 75G 75G.webp",".webp"
"D:\babyStore\drive-download-20260515T140054Z-3-001\HIM DIAPER RASH CREAM 20GM 20GM.webp","HIM DIAPER RASH CREAM 20GM 20GM.webp",".webp"
"D:\babyStore\drive-download-20260515T140054Z-3-001\HIM DIAPER RASH CREAM 50GM 50GM.webp","HIM DIAPER RASH CREAM 50GM 50GM.webp",".webp"
"D:\babyStore\drive-download-20260515T140054Z-3-001\HIM GENTLE B SOAP 25GM 25GM.webp","HIM GENTLE B SOAP 25GM 25GM.webp",".webp"
"D:\babyStore\drive-download-20260515T140054Z-3-001\HIM GENTLE BABY WASH 100ML 100ML.jpg","HIM GENTLE BABY WASH 100ML 100ML.jpg",".jpg"
"D:\babyStore\drive-download-20260515T140054Z-3-001\HIM GENTLE BABY WASH 200ML 200ML.webp","HIM GENTLE BABY WASH 200ML 200ML.webp",".webp"
"D:\babyStore\drive-download-20260515T140054Z-3-001\HIM GENTLE BABY WIPES 12PCS 12PCS.webp","HIM GENTLE BABY WIPES 12PCS 12PCS.webp",".webp"
"D:\babyStore\drive-download-20260515T140054Z-3-001\HIM GENTLE BABY WIPES 72PCS 72PCS.jpg","HIM GENTLE BABY WIPES 72PCS 72PCS.jpg",".jpg"
"D:\babyStore\drive-download-20260515T140054Z-3-001\HIM GENTLE HAMPOO 400ML.jpg","HIM GENTLE HAMPOO 400ML.jpg",".jpg"
"D:\babyStore\drive-download-20260515T140054Z-3-001\HIM GENTLE SOAP 125GM 125GM.jpg","HIM GENTLE SOAP 125GM 125GM.jpg",".jpg"
"D:\babyStore\drive-download-20260515T140054Z-3-001\HIM NOURISHING B SOAP 125GM 125GM.webp","HIM NOURISHING B SOAP 125GM 125GM.webp",".webp"
"D:\babyStore\drive-download-20260515T140054Z-3-001\HIM NOURISHING B SOAP75GM 75GM.webp","HIM NOURISHING B SOAP75GM 75GM.webp",".webp"
"D:\babyStore\drive-download-20260515T140054Z-3-001\HIM REFRESHING B SOAP 75GM 75GM.webp","HIM REFRESHING B SOAP 75GM 75GM.webp",".webp"
"D:\babyStore\drive-download-20260515T140054Z-3-001\HIM REFRESHING BABY SOAP 125GM 125GM.webp","HIM REFRESHING BABY SOAP 125GM 125GM.webp",".webp"
"D:\babyStore\drive-download-20260515T140054Z-3-001\HIMALAYA BABY MASSAGE OIL 200M 200M.jpg","HIMALAYA BABY MASSAGE OIL 200M 200M.jpg",".jpg"
"D:\babyStore\drive-download-20260515T140054Z-3-001\HIMALAYA BABY MASSAGE OIL 50M 50ML.webp","HIMALAYA BABY MASSAGE OIL 50M 50ML.webp",".webp"
"D:\babyStore\drive-download-20260515T140054Z-3-001\HIMALAYA BABY PANTS S9 S9.webp","HIMALAYA BABY PANTS S9 S9.webp",".webp"
"D:\babyStore\drive-download-20260515T140054Z-3-001\JOHNSONS BABY BATH 100ML 100ML.webp","JOHNSONS BABY BATH 100ML 100ML.webp",".webp"
"D:\babyStore\drive-download-20260515T140054Z-3-001\JOHNSONS BABY BUDS 50- 30N.webp","JOHNSONS BABY BUDS 50- 30N.webp",".webp"
"D:\babyStore\drive-download-20260515T140054Z-3-001\JOHNSONS BABY HAIR OIL 100ML 100ML.jpg","JOHNSONS BABY HAIR OIL 100ML 100ML.jpg",".jpg"
"D:\babyStore\drive-download-20260515T140054Z-3-001\JOHNSONS BABY LOTION 200ML 200ML.jpg","JOHNSONS BABY LOTION 200ML 200ML.jpg",".jpg"
"D:\babyStore\drive-download-20260515T140054Z-3-001\JOHNSONS BABY OIL 100ML 100ML.jpg","JOHNSONS BABY OIL 100ML 100ML.jpg",".jpg"
"D:\babyStore\drive-download-20260515T140054Z-3-001\JOHNSONS BABY OIL 200ML 200ML.jpg","JOHNSONS BABY OIL 200ML 200ML.jpg",".jpg"
"D:\babyStore\drive-download-20260515T140054Z-3-001\JOHNSONS BABY OIL 500ML 500ML.jpg","JOHNSONS BABY OIL 500ML 500ML.jpg",".jpg"
"D:\babyStore\drive-download-20260515T140054Z-3-001\JOHNSONS BABY OIL 50ML 50ML.webp","JOHNSONS BABY OIL 50ML 50ML.webp",".webp"
"D:\babyStore\drive-download-20260515T140054Z-3-001\JOHNSONS BABY SHAMPOO 100ML 100ML.jpg","JOHNSONS BABY SHAMPOO 100ML 100ML.jpg",".jpg"
"D:\babyStore\drive-download-20260515T140054Z-3-001\JOHNSONS BABY SHAMPOO 200ML 200ML.jpg","JOHNSONS BABY SHAMPOO 200ML 200ML.jpg",".jpg"
"D:\babyStore\drive-download-20260515T140054Z-3-001\JOHNSONS BABY SHAMPOO 500ML.jpg","JOHNSONS BABY SHAMPOO 500ML.jpg",".jpg"
"D:\babyStore\drive-download-20260515T140054Z-3-001\JOHNSONS BABY SHAMPOO 50ML 50ML.webp","JOHNSONS BABY SHAMPOO 50ML 50ML.webp",".webp"
"D:\babyStore\drive-download-20260515T140054Z-3-001\JOHNSONS BABY SOAP MILK 75GM 75GM.avif","JOHNSONS BABY SOAP MILK 75GM 75GM.avif",".avif"
"D:\babyStore\drive-download-20260515T140054Z-3-001\JOHNSONS KIDS SHAMPOO C F 100M 100ML.webp","JOHNSONS KIDS SHAMPOO C F 100M 100ML.webp",".webp"
"D:\babyStore\drive-download-20260515T140054Z-3-001\JOHNSONS KIDS SHAMPOO C F 200ML.jpg","JOHNSONS KIDS SHAMPOO C F 200ML.jpg",".jpg"
"D:\babyStore\drive-download-20260515T140054Z-3-001\JOHNSONS MILK+RICE LOT 200ML 200ML.jpg","JOHNSONS MILK+RICE LOT 200ML 200ML.jpg",".jpg"
"D:\babyStore\drive-download-20260515T140054Z-3-001\JOHSONS BABY GIFT SET 10PC 10N.jpg","JOHSONS BABY GIFT SET 10PC 10N.jpg",".jpg"
"D:\babyStore\drive-download-20260515T140054Z-3-001\JOJO BABY DRESS.jpg","JOJO BABY DRESS.jpg",".jpg"
"D:\babyStore\drive-download-20260515T140054Z-3-001\LUV LAP BREST PUMP MANUAL 799.webp","LUV LAP BREST PUMP MANUAL 799.webp",".webp"
"D:\babyStore\drive-download-20260515T140054Z-3-001\LUV LAP CAR SET CUM CARRICOT.webp","LUV LAP CAR SET CUM CARRICOT.webp",".webp"
"D:\babyStore\drive-download-20260515T140054Z-3-001\LUV LAP CARRIER GALAXY 1N.webp","LUV LAP CARRIER GALAXY 1N.webp",".webp"
"D:\babyStore\drive-download-20260515T140054Z-3-001\LUV LAP FEEDER PLAIN 2PC 250M 250ML.jpg","LUV LAP FEEDER PLAIN 2PC 250M 250ML.jpg",".jpg"
"D:\babyStore\drive-download-20260515T140054Z-3-001\LUV LAP HIGCHAIR WITH WHEEL.webp","LUV LAP HIGCHAIR WITH WHEEL.webp",".webp"
"D:\babyStore\drive-download-20260515T140054Z-3-001\LUV LAP WOODEN COT C 90 1PCS.webp","LUV LAP WOODEN COT C 90 1PCS.webp",".webp"
"D:\babyStore\drive-download-20260515T140054Z-3-001\LUV LAP WOODEN COT C-80 18999 1PCS.webp","LUV LAP WOODEN COT C-80 18999 1PCS.webp",".webp"
"D:\babyStore\drive-download-20260515T140054Z-3-001\LUV TRAVEL BED NEST 1PCS.jpg","LUV TRAVEL BED NEST 1PCS.jpg",".jpg"
"D:\babyStore\drive-download-20260515T140054Z-3-001\LUVLAP BABY PASTE BUBBLE FRUIT 100GM.jpg","LUVLAP BABY PASTE BUBBLE FRUIT 100GM.jpg",".jpg"
"D:\babyStore\drive-download-20260515T140054Z-3-001\LUVLAP BABY PASTE BUBBLE FRUIT 50GM.jpg","LUVLAP BABY PASTE BUBBLE FRUIT 50GM.jpg",".jpg"
"D:\babyStore\drive-download-20260515T140054Z-3-001\LUVLAP BREAST PUMP ELECT ADORA 1PC.jpg","LUVLAP BREAST PUMP ELECT ADORA 1PC.jpg",".jpg"
"D:\babyStore\drive-download-20260515T140054Z-3-001\LUVLAP FEEDER FLOWR PRINT18903 125ML.jpg","LUVLAP FEEDER FLOWR PRINT18903 125ML.jpg",".jpg"
"D:\babyStore\drive-download-20260515T140054Z-3-001\LUVLAP FEEDER FLOWR PRINT18904 250ML.jpg","LUVLAP FEEDER FLOWR PRINT18904 250ML.jpg",".jpg"
"D:\babyStore\drive-download-20260515T140054Z-3-001\LUVLAP FEEDER JUNGL PRINT18904 125ML.webp","LUVLAP FEEDER JUNGL PRINT18904 125ML.webp",".webp"
"D:\babyStore\drive-download-20260515T140054Z-3-001\LUVLAP FEEDER JUNGL PRINT18906 250ML.webp","LUVLAP FEEDER JUNGL PRINT18906 250ML.webp",".webp"
"D:\babyStore\drive-download-20260515T140054Z-3-001\CH BODY WASH 200L\1.webp","1.webp",".webp"
"D:\babyStore\drive-download-20260515T140054Z-3-001\CH BODY WASH 200L\2.webp","2.webp",".webp"
"D:\babyStore\drive-download-20260515T140054Z-3-001\CH BUDS\1.webp","1.webp",".webp"
"D:\babyStore\drive-download-20260515T140054Z-3-001\CH BUDS\2.webp","2.webp",".webp"
"D:\babyStore\drive-download-20260515T140054Z-3-001\CH BUDS\CH BUDS.webp","CH BUDS.webp",".webp"
"D:\babyStore\drive-download-20260515T140054Z-3-001\CH MANUAL BREAST PUMP 1999\CH MANUAL BREAST PUMP 1999.webp","CH MANUAL BREAST PUMP 1999.webp",".webp"
"D:\babyStore\drive-download-20260515T140054Z-3-001\CH MANUAL BREAST PUMP 1999\CH MANUAL BREAST PUMP.webp","CH MANUAL BREAST PUMP.webp",".webp"
"D:\babyStore\drive-download-20260515T140054Z-3-001\CH POWDER 75G 99RS\CH POWDER 75G 99RS.webp","CH POWDER 75G 99RS.webp",".webp"
"D:\babyStore\drive-download-20260515T140054Z-3-001\CH POWDER 75G 99RS\CH POWDER 75G.webp","CH POWDER 75G.webp",".webp"
"D:\babyStore\drive-download-20260515T140054Z-3-001\CH SOAP GLYCERIN 75GM 75GM FRONT\CH SOAP GLYCERIN 75GM 75GM FRONT.jpg","CH SOAP GLYCERIN 75GM 75GM FRONT.jpg",".jpg"
"D:\babyStore\drive-download-20260515T140054Z-3-001\CH SOAP GLYCERIN 75GM 75GM FRONT\CH SOAP GLYCERIN 75GM.webp","CH SOAP GLYCERIN 75GM.webp",".webp"
"D:\babyStore\drive-download-20260515T140054Z-3-001\CH TOOTHPASTE MILD MINT 50GM BACK\CH TOOTHPASTE MILD MINT 50GM BACK.webp","CH TOOTHPASTE MILD MINT 50GM BACK.webp",".webp"
"D:\babyStore\drive-download-20260515T140054Z-3-001\CH TOOTHPASTE MILD MINT 50GM BACK\CH TOOTHPASTE MILD MINT 50GM FRONT.webp","CH TOOTHPASTE MILD MINT 50GM FRONT.webp",".webp"
"D:\babyStore\drive-download-20260515T140054Z-3-001\CH TOOTHPASTE MIXFRUIT 50G BACK\CH TOOTHPASTE MIXFRUIT 50G BACK.webp","CH TOOTHPASTE MIXFRUIT 50G BACK.webp",".webp"
"D:\babyStore\drive-download-20260515T140054Z-3-001\CH TOOTHPASTE MIXFRUIT 50G BACK\CH TOOTHPASTE MIXFRUIT 50G.webp","CH TOOTHPASTE MIXFRUIT 50G.webp",".webp"
"D:\babyStore\drive-download-20260515T140054Z-3-001\CH-BABY ANTI MOSQUITO GEL 100ML BACK\CH-BABY ANTI MOSQUITO GEL 100ML BACK.avif","CH-BABY ANTI MOSQUITO GEL 100ML BACK.avif",".avif"
"D:\babyStore\drive-download-20260515T140054Z-3-001\CH-BABY ANTI MOSQUITO GEL 100ML BACK\CH-BABY ANTI MOSQUITO GEL 100ML FRONT.avif","CH-BABY ANTI MOSQUITO GEL 100ML FRONT.avif",".avif"
"D:\babyStore\drive-download-20260515T140054Z-3-001\CHICCO ANTI MOSQUITO PATCES 1 24PCS BACK\CHICCO ANTI MOSQUITO PATCES 1 24PCS BACK.webp","CHICCO ANTI MOSQUITO PATCES 1 24PCS BACK.webp",".webp"
"D:\babyStore\drive-download-20260515T140054Z-3-001\CHICCO ANTI MOSQUITO PATCES 1 24PCS BACK\CHICCO ANTI MOSQUITO PATCES 1 24PCS.webp","CHICCO ANTI MOSQUITO PATCES 1 24PCS.webp",".webp"
"D:\babyStore\drive-download-20260515T140054Z-3-001\Cradle 1\1.jpg","1.jpg",".jpg"
"D:\babyStore\drive-download-20260515T140054Z-3-001\Cradle 1\my baby 2.jpg","my baby 2.jpg",".jpg"
"D:\babyStore\drive-download-20260515T140054Z-3-001\Cradle 1\my baby 3.jpg","my baby 3.jpg",".jpg"
"D:\babyStore\drive-download-20260515T140054Z-3-001\Cradle 1\my baby 4.jpg","my baby 4.jpg",".jpg"
"D:\babyStore\drive-download-20260515T140054Z-3-001\Cradle 1\my baby 5.jpg","my baby 5.jpg",".jpg"
"D:\babyStore\drive-download-20260515T140054Z-3-001\Cradle 1\my baby 6.jpg","my baby 6.jpg",".jpg"
"D:\babyStore\drive-download-20260515T140054Z-3-001\Cradle 2\my baby 1.jpg","my baby 1.jpg",".jpg"
"D:\babyStore\drive-download-20260515T140054Z-3-001\Cradle 2\my baby 2.jpg","my baby 2.jpg",".jpg"
"D:\babyStore\drive-download-20260515T140054Z-3-001\Cradle 2\my baby 3.jpg","my baby 3.jpg",".jpg"
"D:\babyStore\drive-download-20260515T140054Z-3-001\Cradle 2\my baby 4.jpg","my baby 4.jpg",".jpg"
"D:\babyStore\drive-download-20260515T140054Z-3-001\Cradle 2\my baby 5.jpg","my baby 5.jpg",".jpg"
"D:\babyStore\drive-download-20260515T140054Z-3-001\Cradle 2\my baby 6.jpg","my baby 6.jpg",".jpg"
"D:\babyStore\drive-download-20260515T140054Z-3-001\Cradle 2\my baby 7.jpg","my baby 7.jpg",".jpg"
"D:\babyStore\drive-download-20260515T140054Z-3-001\Cradle 2\my baby 8.jpg","my baby 8.jpg",".jpg"
"D:\babyStore\drive-download-20260515T140054Z-3-001\Cradle 2\my baby 9.jpg","my baby 9.jpg",".jpg"
"D:\babyStore\drive-download-20260515T140054Z-3-001\Cradle 3\my baby 1.jpg","my baby 1.jpg",".jpg"
"D:\babyStore\drive-download-20260515T140054Z-3-001\Cradle 3\my baby 10.jpg","my baby 10.jpg",".jpg"
"D:\babyStore\drive-download-20260515T140054Z-3-001\Cradle 3\my baby 2.jpg","my baby 2.jpg",".jpg"
"D:\babyStore\drive-download-20260515T140054Z-3-001\Cradle 3\my baby 3.jpg","my baby 3.jpg",".jpg"
"D:\babyStore\drive-download-20260515T140054Z-3-001\Cradle 3\my baby 4.jpg","my baby 4.jpg",".jpg"
"D:\babyStore\drive-download-20260515T140054Z-3-001\Cradle 3\my baby 5.jpg","my baby 5.jpg",".jpg"
"D:\babyStore\drive-download-20260515T140054Z-3-001\Cradle 3\my baby 6.jpg","my baby 6.jpg",".jpg"
"D:\babyStore\drive-download-20260515T140054Z-3-001\Cradle 3\my baby 7.jpg","my baby 7.jpg",".jpg"
"D:\babyStore\drive-download-20260515T140054Z-3-001\Cradle 3\my baby 8.jpg","my baby 8.jpg",".jpg"
"D:\babyStore\drive-download-20260515T140054Z-3-001\Cradle 3\my baby 9.jpg","my baby 9.jpg",".jpg"
"D:\babyStore\drive-download-20260515T140054Z-3-001\Cradle 4\my baby 1.jpg","my baby 1.jpg",".jpg"
"D:\babyStore\drive-download-20260515T140054Z-3-001\Cradle 4\my baby 2.jpg","my baby 2.jpg",".jpg"
"D:\babyStore\drive-download-20260515T140054Z-3-001\Cradle 4\my baby 3.jpg","my baby 3.jpg",".jpg"
"D:\babyStore\drive-download-20260515T140054Z-3-001\Cradle 4\my baby 4.jpg","my baby 4.jpg",".jpg"
"D:\babyStore\drive-download-20260515T140054Z-3-001\Cradle 4\my baby 5.jpg","my baby 5.jpg",".jpg"
"D:\babyStore\drive-download-20260515T140054Z-3-001\Cradle 4\my baby 6.jpg","my baby 6.jpg",".jpg"
"D:\babyStore\drive-download-20260515T140054Z-3-001\Cradle 4\my baby7.jpg","my baby7.jpg",".jpg"
"D:\babyStore\drive-download-20260515T140054Z-3-001\Cradle 5\1.jpg","1.jpg",".jpg"
"D:\babyStore\drive-download-20260515T140054Z-3-001\Cradle 5\2.jpg","2.jpg",".jpg"
"D:\babyStore\drive-download-20260515T140054Z-3-001\Cradle 5\3.jpg","3.jpg",".jpg"
"D:\babyStore\drive-download-20260515T140054Z-3-001\Cradle 5\4.jpg","4.jpg",".jpg"
"D:\babyStore\drive-download-20260515T140054Z-3-001\Cradle 5\5.jpg","5.jpg",".jpg"
"D:\babyStore\drive-download-20260515T140054Z-3-001\Cradle 5\6.jpg","6.jpg",".jpg"
"D:\babyStore\drive-download-20260515T140054Z-3-001\Cradle 5\7.jpg","7.jpg",".jpg"
"D:\babyStore\drive-download-20260515T140054Z-3-001\Cradle 6\my baby 1.jpg","my baby 1.jpg",".jpg"
"D:\babyStore\drive-download-20260515T140054Z-3-001\Cradle 6\my baby 10.jpg","my baby 10.jpg",".jpg"
"D:\babyStore\drive-download-20260515T140054Z-3-001\Cradle 6\my baby 11.jpg","my baby 11.jpg",".jpg"
"D:\babyStore\drive-download-20260515T140054Z-3-001\Cradle 6\my baby 3.jpg","my baby 3.jpg",".jpg"
"D:\babyStore\drive-download-20260515T140054Z-3-001\Cradle 6\my baby 4.jpg","my baby 4.jpg",".jpg"
"D:\babyStore\drive-download-20260515T140054Z-3-001\Cradle 6\my baby 5.jpg","my baby 5.jpg",".jpg"
"D:\babyStore\drive-download-20260515T140054Z-3-001\Cradle 6\my baby 7.jpg","my baby 7.jpg",".jpg"
"D:\babyStore\drive-download-20260515T140054Z-3-001\Cradle 6\my baby 9.jpg","my baby 9.jpg",".jpg"
"D:\babyStore\drive-download-20260515T140054Z-3-001\Cradle 6\my baby2.jpg","my baby2.jpg",".jpg"
"D:\babyStore\drive-download-20260515T140054Z-3-001\Cradle 6\my baby8.jpg","my baby8.jpg",".jpg"
"D:\babyStore\drive-download-20260515T140054Z-3-001\Cradle 7\my baby 1.jpg","my baby 1.jpg",".jpg"
"D:\babyStore\drive-download-20260515T140054Z-3-001\Cradle 7\my baby 2.jpg","my baby 2.jpg",".jpg"
"D:\babyStore\drive-download-20260515T140054Z-3-001\Cradle 7\my baby 3.jpg","my baby 3.jpg",".jpg"
"D:\babyStore\drive-download-20260515T140054Z-3-001\Cradle 7\my baby 4.jpg","my baby 4.jpg",".jpg"
"D:\babyStore\drive-download-20260515T140054Z-3-001\Cradle 7\my baby 5.jpg","my baby 5.jpg",".jpg"
"D:\babyStore\drive-download-20260515T140054Z-3-001\Cradle 7\my baby 6.jpg","my baby 6.jpg",".jpg"
"D:\babyStore\drive-download-20260515T140054Z-3-001\Cradle 7\my baby 7.jpg","my baby 7.jpg",".jpg"
"D:\babyStore\drive-download-20260515T140054Z-3-001\Cradle 7\my baby 8.jpg","my baby 8.jpg",".jpg"
"D:\babyStore\drive-download-20260515T140054Z-3-001\Cradle 7\my baby 9.jpg","my baby 9.jpg",".jpg"
"D:\babyStore\drive-download-20260515T140054Z-3-001\Cradle 8\my baby 1.jpg","my baby 1.jpg",".jpg"
"D:\babyStore\drive-download-20260515T140054Z-3-001\Cradle 8\my baby 10.jpg","my baby 10.jpg",".jpg"
"D:\babyStore\drive-download-20260515T140054Z-3-001\Cradle 8\my baby 11.jpg","my baby 11.jpg",".jpg"
"D:\babyStore\drive-download-20260515T140054Z-3-001\Cradle 8\my baby 12.jpg","my baby 12.jpg",".jpg"
"D:\babyStore\drive-download-20260515T140054Z-3-001\Cradle 8\my baby 2.jpg","my baby 2.jpg",".jpg"
"D:\babyStore\drive-download-20260515T140054Z-3-001\Cradle 8\my baby 3.jpg","my baby 3.jpg",".jpg"
"D:\babyStore\drive-download-20260515T140054Z-3-001\Cradle 8\my baby 4.jpg","my baby 4.jpg",".jpg"
"D:\babyStore\drive-download-20260515T140054Z-3-001\Cradle 8\my baby 5.jpg","my baby 5.jpg",".jpg"
"D:\babyStore\drive-download-20260515T140054Z-3-001\Cradle 8\my baby 6.jpg","my baby 6.jpg",".jpg"
"D:\babyStore\drive-download-20260515T140054Z-3-001\Cradle 8\my baby 7.jpg","my baby 7.jpg",".jpg"
"D:\babyStore\drive-download-20260515T140054Z-3-001\Cradle 8\my baby 8.jpg","my baby 8.jpg",".jpg"
"D:\babyStore\drive-download-20260515T140054Z-3-001\Cradle 8\my baby 9.jpg","my baby 9.jpg",".jpg"
"D:\babyStore\drive-download-20260515T140054Z-3-001\DUBER BABY GIFT PACK\Gemini_Generated_Image_6hu8s36hu8s36hu8.png","Gemini_Generated_Image_6hu8s36hu8s36hu8.png",".png"
"D:\babyStore\drive-download-20260515T140054Z-3-001\DUBER BABY GIFT PACK\Gemini_Generated_Image_lc7fpdlc7fpdlc7f.png","Gemini_Generated_Image_lc7fpdlc7fpdlc7f.png",".png"
"D:\babyStore\drive-download-20260515T140054Z-3-001\HIM BABY POWDER 400GM 400GM\2.jpg","2.jpg",".jpg"
"D:\babyStore\drive-download-20260515T140054Z-3-001\HIM BABY POWDER 400GM 400GM\HIM BABY POWDER 400GM 400GM.jpg","HIM BABY POWDER 400GM 400GM.jpg",".jpg"
"D:\babyStore\drive-download-20260515T140054Z-3-001\HIM EXT MOISTURIZING BSOAP 12 125GM\1.webp","1.webp",".webp"
"D:\babyStore\drive-download-20260515T140054Z-3-001\HIM EXT MOISTURIZING BSOAP 12 125GM\2.webp","2.webp",".webp"
"D:\babyStore\drive-download-20260515T140054Z-3-001\HIM EXT MOISTURIZING BSOAP 12 125GM\3.webp","3.webp",".webp"
"D:\babyStore\drive-download-20260515T140054Z-3-001\HIM EXT MOISTURIZING BSOAP 12 125GM\4.webp","4.webp",".webp"
"D:\babyStore\drive-download-20260515T140054Z-3-001\HIM EXT MOISTURIZING BSOAP 75 75GM\1.webp","1.webp",".webp"
"D:\babyStore\drive-download-20260515T140054Z-3-001\HIM EXT MOISTURIZING BSOAP 75 75GM\2.webp","2.webp",".webp"
"D:\babyStore\drive-download-20260515T140054Z-3-001\HIM EXT MOISTURIZING BSOAP 75 75GM\3.webp","3.webp",".webp"
"D:\babyStore\drive-download-20260515T140054Z-3-001\HIM EXT MOISTURIZING BSOAP 75 75GM\4.webp","4.webp",".webp"
"D:\babyStore\drive-download-20260515T140054Z-3-001\HIM GENTLE BABY WIPES 24PCS 24PCS\1.webp","1.webp",".webp"
"D:\babyStore\drive-download-20260515T140054Z-3-001\HIM GENTLE BABY WIPES 24PCS 24PCS\2.webp","2.webp",".webp"
"D:\babyStore\drive-download-20260515T140054Z-3-001\HIM GENTLE BSHAMPOO 100ML 100ML\1.webp","1.webp",".webp"
"D:\babyStore\drive-download-20260515T140054Z-3-001\HIM GENTLE BSHAMPOO 100ML 100ML\2.webp","2.webp",".webp"
"D:\babyStore\drive-download-20260515T140054Z-3-001\HIM GENTLE BSHAMPOO 200ML 200ML\1.webp","1.webp",".webp"
"D:\babyStore\drive-download-20260515T140054Z-3-001\HIM GENTLE BSHAMPOO 200ML 200ML\2.webp","2.webp",".webp"
"D:\babyStore\drive-download-20260515T140054Z-3-001\HIM TOOTHPASTE KIDS BUBBLEGUM 80G\1.webp","1.webp",".webp"
"D:\babyStore\drive-download-20260515T140054Z-3-001\HIM TOOTHPASTE KIDS BUBBLEGUM 80G\2.webp","2.webp",".webp"
"D:\babyStore\drive-download-20260515T140054Z-3-001\HIMALAYA Baby powder\1.webp","1.webp",".webp"
"D:\babyStore\drive-download-20260515T140054Z-3-001\HIMALAYA Baby powder\2.webp","2.webp",".webp"
"D:\babyStore\drive-download-20260515T140054Z-3-001\HIMALAYA Baby powder 200g\1.webp","1.webp",".webp"
"D:\babyStore\drive-download-20260515T140054Z-3-001\HIMALAYA Baby powder 200g\2.webp","2.webp",".webp"
"D:\babyStore\drive-download-20260515T140054Z-3-001\HIMALAYA BABY RUB 15ML 15ML\1.webp","1.webp",".webp"
"D:\babyStore\drive-download-20260515T140054Z-3-001\HIMALAYA BABY RUB 15ML 15ML\2.webp","2.webp",".webp"
"D:\babyStore\drive-download-20260515T140054Z-3-001\JOHNSONS BABY LOTION 50ML\1.webp","1.webp",".webp"
"D:\babyStore\drive-download-20260515T140054Z-3-001\JOHNSONS BABY LOTION 50ML\2.webp","2.webp",".webp"
"D:\babyStore\drive-download-20260515T140054Z-3-001\JOHNSONS BABY POWDER 100GM 100GM\1.jpg","1.jpg",".jpg"
"D:\babyStore\drive-download-20260515T140054Z-3-001\JOHNSONS BABY POWDER 100GM 100GM\2.webp","2.webp",".webp"
"D:\babyStore\drive-download-20260515T140054Z-3-001\JOHNSONS BABY POWDER 200GM 200GM\1.jpg","1.jpg",".jpg"
"D:\babyStore\drive-download-20260515T140054Z-3-001\JOHNSONS BABY POWDER 200GM 200GM\2.jpg","2.jpg",".jpg"
"D:\babyStore\drive-download-20260515T140054Z-3-001\JOHNSONS BABY POWDER 50GM 50GM\1.webp","1.webp",".webp"
"D:\babyStore\drive-download-20260515T140054Z-3-001\JOHNSONS BABY POWDER 50GM 50GM\2.webp","2.webp",".webp"
"D:\babyStore\drive-download-20260515T140054Z-3-001\JOHNSONS BABY POWDER BLOS 100G 100GM\1.jpg","1.jpg",".jpg"
"D:\babyStore\drive-download-20260515T140054Z-3-001\JOHNSONS BABY POWDER BLOS 100G 100GM\2.jpg","2.jpg",".jpg"
"D:\babyStore\drive-download-20260515T140054Z-3-001\JOHNSONS BABY POWDER BLOSS 50G 50G\1.avif","1.avif",".avif"
"D:\babyStore\drive-download-20260515T140054Z-3-001\JOHNSONS BABY SOAP 100GM 100GM\1.webp","1.webp",".webp"
"D:\babyStore\drive-download-20260515T140054Z-3-001\JOHNSONS BABY SOAP 100GM 100GM\2.webp","2.webp",".webp"
"D:\babyStore\drive-download-20260515T140054Z-3-001\JOHNSONS BABY SOAP 50GM 50GM\1.avif","1.avif",".avif"
"D:\babyStore\drive-download-20260515T140054Z-3-001\JOHNSONS BABY SOAP 50GM 50GM\2.avif","2.avif",".avif"
"D:\babyStore\drive-download-20260515T140054Z-3-001\JOHNSONS BABY SOAP 75GM 75GM\1.avif","1.avif",".avif"
"D:\babyStore\drive-download-20260515T140054Z-3-001\JOHNSONS BABY SOAP 75GM 75GM\2.avif","2.avif",".avif"
"D:\babyStore\drive-download-20260515T140054Z-3-001\JOHNSONS BUDS 15N 15N\1.avif","1.avif",".avif"
"D:\babyStore\drive-download-20260515T140054Z-3-001\JOHNSONS BUDS 15N 15N\2.avif","2.avif",".avif"
"D:\babyStore\drive-download-20260515T140054Z-3-001\JOHNSONS COTTON BUDS JAR 1150N\1.avif","1.avif",".avif"
"D:\babyStore\drive-download-20260515T140054Z-3-001\JOHNSONS COTTON BUDS JAR 1150N\2.avif","2.avif",".avif"
"D:\babyStore\drive-download-20260515T140054Z-3-001\JOHNSONS MILK+RICE LOT 100ML 100ML\1.avif","1.avif",".avif"
"D:\babyStore\drive-download-20260515T140054Z-3-001\JOHNSONS MILK+RICE LOT 100ML 100ML\2.avif","2.avif",".avif"
"D:\babyStore\drive-download-20260515T140054Z-3-001\LACTOGEN 1 REFILL 400G\1.webp","1.webp",".webp"
"D:\babyStore\drive-download-20260515T140054Z-3-001\LACTOGEN 1 REFILL 400G\2.webp","2.webp",".webp"
"D:\babyStore\drive-download-20260515T140054Z-3-001\LACTOGEN 1 REFILL 400G\3.webp","3.webp",".webp"
"D:\babyStore\drive-download-20260515T140054Z-3-001\LACTOGEN 1 REFILL 400G\4.webp","4.webp",".webp"
"D:\babyStore\drive-download-20260515T140054Z-3-001\LACTOGEN 2 REFILL PACK 400G\1.avif","1.avif",".avif"
"D:\babyStore\drive-download-20260515T140054Z-3-001\LACTOGEN 2 REFILL PACK 400G\2.avif","2.avif",".avif"
"D:\babyStore\drive-download-20260515T140054Z-3-001\LACTOGEN 2 REFILL PACK 400G\3.avif","3.avif",".avif"
"D:\babyStore\drive-download-20260515T140054Z-3-001\LACTOGEN 2 REFILL PACK 400G\4.avif","4.avif",".avif"
"D:\babyStore\drive-download-20260515T140054Z-3-001\LACTOGEN 3 REFIL 400G 400G\1.avif","1.avif",".avif"
"D:\babyStore\drive-download-20260515T140054Z-3-001\LACTOGEN 3 REFIL 400G 400G\2.avif","2.avif",".avif"
"D:\babyStore\drive-download-20260515T140054Z-3-001\LACTOGEN 3 REFIL 400G 400G\3.avif","3.avif",".avif"
"D:\babyStore\drive-download-20260515T140054Z-3-001\LACTOGEN 3 REFIL 400G 400G\4.avif","4.avif",".avif"
"D:\babyStore\drive-download-20260515T140054Z-3-001\LACTOGEN 4 REFIL 400G 400G\1.avif","1.avif",".avif"
"D:\babyStore\drive-download-20260515T140054Z-3-001\LACTOGEN 4 REFIL 400G 400G\2.avif","2.avif",".avif"
"D:\babyStore\drive-download-20260515T140054Z-3-001\LACTOGEN 4 REFIL 400G 400G\3.avif","3.avif",".avif"
"D:\babyStore\drive-download-20260515T140054Z-3-001\LACTOGEN 4 REFIL 400G 400G\4.avif","4.avif",".avif"
